sha256,pkg_name,apk_size,dex_date,markets
9CC71241ACA28389EC69F9E756F384D482FE3BF434BEDC251AC8AD8DC26AF832,com.abcc.runner,7575779,2016-12-29 16:35:26,play.google.com
F4949EEBC92F12333A7D3B15E031A014C744F8990590DC3D304F13F4D25DA149,com.KoreaGirlFashion.Secelup,4279061,2017-12-01 15:37:12,play.google.com
290B7F930361D06E8F8C93AA9F97405D6B4B9FEF7F9AC13C3C73C8966CF0E83A,com.MotorTraiL.odieapps,14304005,2017-10-04 14:55:56,play.google.com
FB788E05374016C0D07A1B67783EE753398846BF9C0EE10D32B822071A4E4727,com.TartCakeDesignCollection.heidismith,7471195,2016-10-28 09:49:44,play.google.com
19ADE2BD672659F03C91766897876B5512941E8A78BD8DAB3A6612A55FF23C4B,com.makeuptutorial.arisuper,4848267,2018-05-16 22:08:40,play.google.com
439E4FF30474E02CDB3023B5208AACFF41D8A76042D94937E43F8771960BA875,com.WeddingBouquetIdea.heidismith,4681812,2016-10-28 09:56:56,play.google.com
E0B84D7E401CAF37420F8A5E280699FEDAE6B154CE6CC78BF250280435DF228F,com.simplemakeuptutorial.opangunterapp,4186258,2017-12-15 18:03:58,play.google.com
ADC23B36C5676A5193F58BAD08D211D772E636833EDE34A44EF1A3FEB2DDDF8E,com.WeddingTablecloth.SusanBeall,5717164,2016-11-02 11:00:54,play.google.com
CA1A5439F512D1AB1B8D13EA12AC654CD54BCD0644759FB2D1775AB887D0E1B1,com.dressingroomideas.riogunterapp,6107282,2017-12-23 21:24:02,play.google.com
D87A4E3A7CA5985AD4828F01154AADCF7A452290F65645F40DF54AE3A8E27C27,com.agricsoc.itsolution,16480332,2018-09-26 16:12:20,play.google.com
